id_semana,fecha_inicio,ventas_S,ventas_M,ventas_L,stock_inicial_S,stock_inicial_M,stock_inicial_L,stock_final_S,stock_final_M,stock_final_L,pedido_realizado_S,pedido_realizado_M,pedido_realizado_L,promocion,temporada,temperatura_promedio,quincena,faltante_S,faltante_M,faltante_L
1,2025-01-01,11,13,2,50,70,40,39,57,38,0,0,0,False,Escolar,18.9,False,False,False,False
2,2025-01-08,4,18,8,39,57,38,35,39,30,0,0,0,False,Normal,22.4,False,False,False,False
3,2025-01-15,10,28,9,35,39,30,25,11,21,0,40,0,True,Vacaciones,27.9,True,False,False,False
4,2025-01-22,5,18,7,25,51,21,20,33,14,0,0,35,False,Normal,16.5,False,False,False,False
5,2025-01-29,5,16,7,20,33,49,15,17,42,0,37,0,False,Normal,16.0,True,False,False,False
6,2025-02-05,14,13,10,15,54,42,1,41,32,34,0,0,True,Escolar,23.6,True,True,False,False
7,2025-02-12,6,20,5,35,41,32,29,21,27,0,0,0,False,Vacaciones,19.8,False,False,False,False
8,2025-02-19,3,28,5,29,21,27,26,0,22,0,35,0,True,Vacaciones,23.6,True,False,True,False
9,2025-02-26,10,13,8,26,35,22,16,22,14,0,0,20,False,Vacaciones,25.3,False,False,False,False
10,2025-03-05,3,19,2,16,22,34,13,3,32,36,45,0,False,Vacaciones,16.9,True,False,True,False
11,2025-03-12,5,14,6,49,48,32,44,34,26,0,0,0,False,Normal,30.0,False,False,False,False
12,2025-03-19,9,15,5,44,34,26,35,19,21,0,39,0,False,Vacaciones,22.3,False,False,False,False
13,2025-03-26,6,27,7,35,58,21,29,31,14,0,0,28,False,Navidad,27.4,False,False,False,False
14,2025-04-02,11,24,10,29,31,42,18,7,32,0,33,0,True,Navidad,28.3,True,False,False,False
15,2025-04-09,9,20,5,18,40,32,9,20,27,39,0,0,True,Vacaciones,26.4,False,False,False,False
16,2025-04-16,3,16,8,48,20,27,45,4,19,0,41,0,True,Vacaciones,22.5,False,False,True,False
17,2025-04-23,11,26,14,45,45,19,34,19,5,0,42,33,True,Navidad,27.0,True,False,False,True
18,2025-04-30,7,22,8,34,61,38,27,39,30,0,0,0,True,Normal,26.6,True,False,False,False
19,2025-05-07,4,11,6,27,39,30,23,28,24,0,0,0,True,Normal,18.6,False,False,False,False
20,2025-05-14,7,18,8,23,28,24,16,10,16,0,32,0,True,Normal,28.1,False,False,False,False
21,2025-05-21,14,17,14,16,42,16,2,25,2,38,0,26,False,Navidad,28.4,False,True,False,True
22,2025-05-28,16,29,10,40,25,28,24,0,18,0,35,0,True,Navidad,19.2,True,False,True,False
23,2025-06-04,8,22,7,24,35,18,16,13,11,0,41,31,False,Navidad,24.0,False,False,False,False
24,2025-06-11,5,26,11,16,54,42,11,28,31,22,0,0,True,Vacaciones,29.7,True,False,False,False
25,2025-06-18,7,21,7,33,28,31,26,7,24,0,48,0,True,Vacaciones,22.6,False,False,False,False
26,2025-06-25,8,13,7,26,55,24,18,42,17,0,0,0,False,Normal,28.1,False,False,False,False
27,2025-07-02,7,13,7,18,42,17,11,29,10,22,0,24,True,Escolar,19.2,True,False,False,False
28,2025-07-09,16,15,9,33,29,34,17,14,25,0,42,0,False,Navidad,22.2,False,False,False,False
29,2025-07-16,6,16,4,17,56,25,11,40,21,27,0,0,False,Escolar,19.3,False,False,False,False
30,2025-07-23,8,20,6,38,40,21,30,20,15,0,0,0,False,Normal,23.5,True,False,False,False
31,2025-07-30,8,18,2,30,20,15,22,2,13,0,41,32,False,Normal,18.6,True,False,True,False
32,2025-08-06,14,22,12,22,43,45,8,21,33,21,0,0,True,Escolar,28.3,False,False,False,False
33,2025-08-13,10,19,4,29,21,33,19,2,29,0,34,0,False,Escolar,15.9,False,False,True,False
34,2025-08-20,3,12,3,19,36,29,16,24,26,0,0,0,False,Vacaciones,16.5,False,False,False,False
35,2025-08-27,7,18,7,16,24,26,9,6,19,34,30,0,True,Vacaciones,25.3,False,False,False,False
36,2025-09-03,8,17,12,43,36,19,35,19,7,0,38,25,True,Normal,29.1,False,False,False,False
37,2025-09-10,13,18,8,35,57,32,22,39,24,0,0,0,False,Navidad,23.3,False,False,False,False
38,2025-09-17,6,9,8,22,39,24,16,30,16,0,0,0,False,Normal,19.3,False,False,False,False
39,2025-09-24,13,26,11,16,30,16,3,4,5,21,40,30,True,Navidad,16.4,False,True,True,True
40,2025-10-01,7,30,19,24,44,35,17,14,16,0,33,0,True,Navidad,28.9,True,False,False,False
41,2025-10-08,10,19,5,17,47,16,7,28,11,26,0,35,False,Normal,17.2,False,False,False,False
42,2025-10-15,8,18,11,33,28,46,25,10,35,0,42,0,True,Vacaciones,24.6,False,False,False,False
43,2025-10-22,12,22,10,25,52,35,13,30,25,37,0,0,True,Escolar,29.7,False,False,False,False
44,2025-10-29,10,15,4,50,30,25,40,15,21,0,38,0,False,Vacaciones,28.3,True,False,False,False
45,2025-11-05,3,22,8,40,53,21,37,31,13,0,0,31,True,Normal,23.5,False,False,False,False
46,2025-11-12,6,22,4,37,31,44,31,9,40,0,36,0,True,Vacaciones,28.9,False,False,False,False
47,2025-11-19,13,25,14,31,45,40,18,20,26,0,0,0,True,Navidad,21.9,True,False,False,False
48,2025-11-26,9,32,7,18,20,26,9,0,19,39,41,0,True,Vacaciones,25.0,True,False,True,False
49,2025-12-03,10,22,7,48,41,19,38,19,12,0,35,33,False,Navidad,25.3,False,False,False,False
50,2025-12-10,5,22,8,38,54,45,33,32,37,0,0,0,True,Vacaciones,18.0,True,False,False,False
51,2025-12-17,13,14,11,33,32,37,20,18,26,0,42,0,False,Navidad,15.4,True,False,False,False
52,2025-12-24,10,30,17,20,60,26,10,30,9,28,0,24,True,Navidad,28.3,True,False,False,False
53,2025-12-31,8,16,5,38,30,33,30,14,28,0,41,0,False,Normal,19.1,True,False,False,False
54,2026-01-07,8,28,7,30,55,28,22,27,21,0,0,0,True,Vacaciones,25.1,True,False,False,False
55,2026-01-14,4,17,9,22,27,21,18,10,12,0,43,29,True,Normal,17.9,False,False,False,False
56,2026-01-21,8,9,7,18,53,41,10,44,34,25,0,0,False,Escolar,22.7,False,False,False,False
57,2026-01-28,6,18,11,35,44,34,29,26,23,0,0,0,True,Vacaciones,29.0,True,False,False,False
58,2026-02-04,11,21,7,29,26,23,18,5,16,0,48,0,False,Navidad,28.0,False,False,True,False
59,2026-02-11,7,14,8,18,53,16,11,39,8,29,0,22,False,Vacaciones,25.0,True,False,False,False
60,2026-02-18,4,22,4,40,39,30,36,17,26,0,49,0,False,Vacaciones,27.4,True,False,False,False
61,2026-02-25,9,18,10,36,66,26,27,48,16,0,0,0,True,Vacaciones,28.6,False,False,False,False
62,2026-03-04,8,23,10,27,48,16,19,25,6,0,0,30,False,Navidad,30.0,False,False,False,False
63,2026-03-11,7,13,7,19,25,36,12,12,29,28,37,0,False,Escolar,15.3,False,False,False,False
64,2026-03-18,6,10,3,40,49,29,34,39,26,0,0,0,False,Vacaciones,15.5,True,False,False,False
65,2026-03-25,9,18,11,34,39,26,25,21,15,0,0,0,True,Escolar,22.3,False,False,False,False
66,2026-04-01,8,21,12,25,21,15,17,0,3,0,37,28,True,Navidad,28.0,False,False,True,True
67,2026-04-08,3,12,7,17,37,31,14,25,24,21,0,0,False,Vacaciones,18.6,True,False,False,False
68,2026-04-15,10,14,5,35,25,24,25,11,19,0,30,0,False,Navidad,29.4,False,False,False,False
69,2026-04-22,13,19,14,25,41,19,12,22,5,35,0,20,True,Navidad,24.3,True,False,False,True
70,2026-04-29,3,20,11,47,22,25,44,2,14,0,46,28,True,Vacaciones,26.0,True,False,True,False
71,2026-05-06,8,12,5,44,48,42,36,36,37,0,0,0,False,Normal,22.7,False,False,False,False
72,2026-05-13,12,25,8,36,36,37,24,11,29,0,46,0,False,Navidad,18.2,False,False,False,False
73,2026-05-20,8,16,7,24,57,29,16,41,22,0,0,0,True,Escolar,26.6,True,False,False,False
74,2026-05-27,3,28,5,16,41,22,13,13,17,34,38,0,True,Vacaciones,19.4,False,False,False,False
75,2026-06-03,10,26,8,47,51,17,37,25,9,0,0,35,True,Vacaciones,16.3,True,False,False,False
76,2026-06-10,11,17,11,37,25,44,26,8,33,0,44,0,True,Escolar,17.5,False,False,False,False
77,2026-06-17,5,23,12,26,52,33,21,29,21,0,0,0,True,Vacaciones,23.2,True,False,False,False
78,2026-06-24,12,23,5,21,29,21,9,6,16,37,45,0,False,Navidad,23.3,False,False,False,False
79,2026-07-01,8,12,2,46,51,16,38,39,14,0,0,25,False,Normal,19.0,True,False,False,False
80,2026-07-08,3,20,7,38,39,39,35,19,32,0,39,0,False,Normal,23.1,True,False,False,False
81,2026-07-15,8,19,6,35,58,32,27,39,26,0,0,0,True,Normal,27.3,False,False,False,False
82,2026-07-22,14,18,12,27,39,26,13,21,14,40,0,31,True,Escolar,15.6,True,False,False,False
83,2026-07-29,10,9,2,53,21,45,43,12,43,0,45,0,False,Normal,18.1,False,False,False,False
84,2026-08-05,3,14,6,43,57,43,40,43,37,0,0,0,False,Vacaciones,25.0,False,False,False,False
85,2026-08-12,13,29,13,40,43,37,27,14,24,0,40,0,False,Navidad,18.5,True,False,False,False
86,2026-08-19,8,28,10,27,54,24,19,26,14,0,0,33,True,Vacaciones,25.8,False,False,False,False
87,2026-08-26,9,21,16,19,26,47,10,5,31,29,47,0,True,Navidad,27.4,True,False,True,False
88,2026-09-02,10,14,8,39,52,31,29,38,23,0,0,0,False,Escolar,16.9,True,False,False,False
89,2026-09-09,8,21,11,29,38,23,21,17,12,0,45,30,True,Escolar,15.1,True,False,False,False
90,2026-09-16,8,12,2,21,62,42,13,50,40,25,0,0,False,Escolar,27.1,True,False,False,False
91,2026-09-23,9,21,18,38,50,40,29,29,22,0,0,0,True,Navidad,17.0,False,False,False,False
92,2026-09-30,10,26,14,29,29,22,19,3,8,0,44,20,True,Navidad,19.2,True,False,True,False
93,2026-10-07,7,22,4,19,47,28,12,25,24,21,0,0,True,Vacaciones,24.9,True,False,False,False
94,2026-10-14,8,22,2,33,25,24,25,3,22,0,40,0,False,Vacaciones,19.6,True,False,True,False
95,2026-10-21,14,27,13,25,43,22,11,16,9,32,37,32,True,Navidad,18.1,True,False,False,False
96,2026-10-28,12,16,10,43,53,41,31,37,31,0,0,0,False,Navidad,20.3,False,False,False,False
97,2026-11-04,3,9,4,31,37,31,28,28,27,0,0,0,False,Normal,17.8,True,False,False,False
98,2026-11-11,9,16,10,28,28,27,19,12,17,0,43,0,True,Normal,26.4,False,False,False,False
99,2026-11-18,10,14,10,19,55,17,9,41,7,27,0,33,True,Normal,26.6,True,False,False,False
100,2026-11-25,5,11,4,36,41,40,31,30,36,0,0,0,False,Escolar,21.4,True,False,False,False
101,2026-12-02,12,19,4,31,30,36,19,11,32,0,41,0,False,Escolar,25.3,False,False,False,False
102,2026-12-09,6,33,9,19,52,32,13,19,23,27,38,0,True,Vacaciones,27.9,False,False,False,False
103,2026-12-16,6,17,11,40,57,23,34,40,12,0,0,23,True,Escolar,15.8,False,False,False,False
104,2026-12-23,10,20,11,34,40,35,24,20,24,0,0,0,True,Vacaciones,17.1,False,False,False,False
105,2026-12-30,5,13,6,24,20,24,19,7,18,0,36,0,False,Vacaciones,27.0,False,False,False,False
106,2027-01-06,7,11,3,19,43,18,12,32,15,39,0,0,False,Vacaciones,28.2,False,False,False,False
107,2027-01-13,13,26,12,51,32,15,38,6,3,0,36,25,True,Navidad,24.2,False,False,False,True
108,2027-01-20,3,13,3,38,42,28,35,29,25,0,0,0,False,Vacaciones,21.5,False,False,False,False
109,2027-01-27,10,14,6,35,29,25,25,15,19,0,32,0,False,Escolar,24.1,True,False,False,False
110,2027-02-03,9,21,3,25,47,19,16,26,16,0,0,0,False,Vacaciones,16.0,True,False,False,False
111,2027-02-10,8,14,4,16,26,16,8,12,12,20,32,23,False,Vacaciones,15.0,False,False,False,False
112,2027-02-17,10,22,6,28,44,35,18,22,29,0,0,0,True,Normal,23.0,True,False,False,False
113,2027-02-24,5,21,8,18,22,29,13,1,21,39,45,0,True,Normal,27.5,False,False,True,False
114,2027-03-03,6,23,2,52,46,21,46,23,19,0,0,0,False,Vacaciones,24.9,True,False,False,False
115,2027-03-10,10,26,4,46,23,19,36,0,15,0,41,0,True,Vacaciones,27.2,True,False,True,False
116,2027-03-17,10,23,16,36,41,15,26,18,0,0,30,30,True,Navidad,18.7,False,False,False,True
117,2027-03-24,6,25,10,26,48,30,20,23,20,0,0,0,True,Normal,24.3,True,False,False,False
118,2027-03-31,3,20,3,20,23,20,17,3,17,0,35,0,False,Normal,24.0,True,False,True,False
119,2027-04-07,10,15,13,17,38,17,7,23,4,37,0,25,True,Escolar,23.2,False,False,False,True
120,2027-04-14,6,12,8,44,23,29,38,11,21,0,40,0,False,Escolar,15.6,False,False,False,False
121,2027-04-21,5,18,8,38,51,21,33,33,13,0,0,24,True,Normal,26.1,False,False,False,False
122,2027-04-28,8,17,3,33,33,37,25,16,34,0,43,0,False,Normal,17.0,False,False,False,False
123,2027-05-05,3,13,6,25,59,34,22,46,28,0,0,0,False,Normal,24.5,False,False,False,False
124,2027-05-12,9,8,4,22,46,28,13,38,24,28,0,0,False,Escolar,16.5,False,False,False,False
125,2027-05-19,9,30,14,41,38,24,32,8,10,0,48,32,True,Navidad,18.0,True,False,False,False
126,2027-05-26,8,13,12,32,56,42,24,43,30,0,0,0,True,Escolar,25.7,False,False,False,False
127,2027-06-02,6,17,6,24,43,30,18,26,24,0,0,0,True,Vacaciones,22.8,False,False,False,False
128,2027-06-09,5,16,12,18,26,24,13,10,12,25,41,21,True,Normal,19.4,False,False,False,False
129,2027-06-16,11,25,12,38,51,33,27,26,21,0,0,0,False,Navidad,24.1,True,False,False,False
130,2027-06-23,13,14,2,27,26,21,14,12,19,23,41,0,False,Escolar,15.1,True,False,False,False
131,2027-06-30,14,20,4,37,53,19,23,33,15,0,0,0,False,Escolar,22.8,False,False,False,False
132,2027-07-07,6,11,7,23,33,15,17,22,8,0,0,26,False,Normal,23.1,True,False,False,False
133,2027-07-14,9,20,11,17,22,34,8,2,23,22,42,0,True,Normal,26.6,True,False,True,False
134,2027-07-21,6,14,3,30,44,23,24,30,20,0,0,0,False,Vacaciones,15.9,False,False,False,False
135,2027-07-28,14,11,3,24,30,20,10,19,17,33,31,0,False,Escolar,21.3,True,False,False,False
136,2027-08-04,15,18,4,43,50,17,28,32,13,0,0,35,False,Escolar,18.7,True,False,False,False
137,2027-08-11,13,27,17,28,32,48,15,5,31,0,40,0,True,Navidad,21.9,True,False,True,False
138,2027-08-18,11,32,9,15,45,31,4,13,22,25,31,0,True,Navidad,21.9,True,True,False,False
139,2027-08-25,12,17,4,29,44,22,17,27,18,0,0,0,True,Escolar,29.3,True,False,False,False
140,2027-09-01,7,19,7,17,27,18,10,8,11,28,47,24,True,Escolar,17.9,True,False,False,False
141,2027-09-08,4,16,8,38,55,35,34,39,27,0,0,0,True,Normal,29.1,True,False,False,False
142,2027-09-15,8,22,7,34,39,27,26,17,20,0,33,0,False,Navidad,19.7,True,False,False,False
143,2027-09-22,4,14,6,26,50,20,22,36,14,0,0,26,False,Vacaciones,23.9,False,False,False,False
144,2027-09-29,12,21,12,22,36,40,10,15,28,38,39,0,True,Navidad,23.0,False,False,False,False
145,2027-10-06,12,22,9,48,54,28,36,32,19,0,0,0,True,Navidad,21.6,True,False,False,False
146,2027-10-13,5,25,9,36,32,19,31,7,10,0,35,22,True,Vacaciones,21.6,True,False,False,False
147,2027-10-20,8,13,5,31,42,32,23,29,27,0,0,0,False,Escolar,24.4,False,False,False,False
148,2027-10-27,8,22,11,23,29,27,15,7,16,0,31,0,True,Escolar,22.9,True,False,False,False
149,2027-11-03,12,10,2,15,38,16,3,28,14,26,0,21,False,Escolar,15.8,False,True,False,False
150,2027-11-10,11,22,9,29,28,35,18,6,26,0,45,0,False,Navidad,28.0,True,False,False,False
151,2027-11-17,11,27,11,18,51,26,7,24,15,24,0,0,True,Navidad,22.6,False,False,False,False
152,2027-11-24,11,24,17,31,24,15,20,0,0,0,47,31,True,Navidad,18.8,False,False,True,True
153,2027-12-01,8,17,4,20,47,31,12,30,27,21,0,0,True,Escolar,20.6,False,False,False,False
154,2027-12-08,12,13,6,33,30,27,21,17,21,0,47,0,False,Escolar,19.1,False,False,False,False
155,2027-12-15,7,20,3,21,64,21,14,44,18,31,0,0,False,Normal,16.0,True,False,False,False
156,2027-12-22,7,19,8,45,44,18,38,25,10,0,0,29,True,Normal,26.7,False,False,False,False
157,2027-12-29,12,13,7,38,25,39,26,12,32,0,35,0,False,Escolar,28.2,True,False,False,False
158,2028-01-05,6,20,5,26,47,32,20,27,27,0,0,0,True,Vacaciones,19.2,True,False,False,False
159,2028-01-12,3,14,4,20,27,27,17,13,23,0,31,0,False,Vacaciones,21.8,False,False,False,False
160,2028-01-19,6,13,8,17,44,23,11,31,15,27,0,0,False,Escolar,19.6,False,False,False,False
161,2028-01-26,11,26,12,38,31,15,27,5,3,0,39,24,True,Navidad,28.1,True,False,True,True
162,2028-02-02,3,21,7,27,44,27,24,23,20,0,0,0,True,Normal,24.7,True,False,False,False
163,2028-02-09,3,26,7,24,23,20,21,0,13,0,31,35,True,Normal,26.8,False,False,True,False
164,2028-02-16,9,17,7,21,31,48,12,14,41,33,32,0,True,Escolar,18.3,False,False,False,False
165,2028-02-23,8,24,6,45,46,41,37,22,35,0,0,0,True,Normal,23.8,False,False,False,False
166,2028-03-01,13,26,15,37,22,35,24,0,20,0,44,0,True,Navidad,28.4,False,False,True,False
167,2028-03-08,15,8,8,24,44,20,9,36,12,22,0,26,False,Escolar,22.2,True,False,False,False
168,2028-03-15,14,36,18,31,36,38,17,0,20,0,32,0,True,Navidad,15.8,False,False,True,False
169,2028-03-22,10,26,8,17,32,20,7,6,12,40,42,21,True,Normal,21.1,False,False,False,False
170,2028-03-29,5,22,6,47,48,33,42,26,27,0,0,0,False,Vacaciones,21.3,False,False,False,False
171,2028-04-05,9,15,7,42,26,27,33,11,20,0,31,0,False,Vacaciones,22.8,False,False,False,False
172,2028-04-12,13,13,7,33,42,20,20,29,13,0,0,30,True,Escolar,25.8,True,False,False,False
173,2028-04-19,8,22,6,20,29,43,12,7,37,29,48,0,True,Vacaciones,21.3,False,False,False,False
174,2028-04-26,11,18,13,41,55,37,30,37,24,0,0,0,True,Navidad,30.0,False,False,False,False
175,2028-05-03,11,26,6,30,37,24,19,11,18,0,38,0,True,Escolar,16.5,True,False,False,False
176,2028-05-10,12,25,13,19,49,18,7,24,5,34,0,23,False,Navidad,19.1,True,False,False,True
177,2028-05-17,5,15,2,41,24,28,36,9,26,0,31,0,False,Normal,28.9,False,False,False,False
178,2028-05-24,10,20,10,36,40,26,26,20,16,0,0,0,True,Vacaciones,21.9,True,False,False,False
179,2028-05-31,11,26,5,26,20,16,15,0,11,0,43,34,True,Escolar,15.9,False,False,True,False
180,2028-06-07,5,17,2,15,43,45,10,26,43,25,0,0,False,Vacaciones,22.7,True,False,False,False
181,2028-06-14,8,15,4,35,26,43,27,11,39,0,39,0,False,Normal,16.8,True,False,False,False
182,2028-06-21,6,14,5,27,50,39,21,36,34,0,0,0,True,Normal,17.3,False,False,False,False
183,2028-06-28,5,24,5,21,36,34,16,12,29,0,32,0,False,Vacaciones,19.1,True,False,False,False
184,2028-07-05,9,20,7,16,44,29,7,24,22,38,0,0,False,Escolar,23.6,True,False,False,False
185,2028-07-12,15,23,11,45,24,22,30,1,11,0,35,24,True,Navidad,29.7,False,False,True,False
186,2028-07-19,9,23,8,30,36,35,21,13,27,0,30,0,False,Navidad,29.3,True,False,False,False
187,2028-07-26,8,9,4,21,43,27,13,34,23,21,0,0,False,Escolar,25.4,False,False,False,False
188,2028-08-02,16,21,14,34,34,23,18,13,9,0,47,34,True,Navidad,15.0,False,False,False,False
189,2028-08-09,5,15,7,18,60,43,13,45,36,37,0,0,False,Vacaciones,15.8,True,False,False,False
190,2028-08-16,3,21,4,50,45,36,47,24,32,0,0,0,True,Normal,23.5,True,False,False,False
191,2028-08-23,11,9,5,47,24,32,36,15,27,0,34,0,False,Escolar,22.8,False,False,False,False
192,2028-08-30,8,14,2,36,49,27,28,35,25,0,0,0,False,Escolar,23.1,False,False,False,False
193,2028-09-06,16,27,9,28,35,25,12,8,16,33,41,0,False,Navidad,19.4,True,False,False,False
194,2028-09-13,6,27,10,45,49,16,39,22,6,0,0,29,True,Vacaciones,27.1,True,False,False,False
195,2028-09-20,15,23,12,39,22,35,24,0,23,0,48,0,False,Navidad,17.0,True,False,True,False
196,2028-09-27,15,30,13,24,48,23,9,18,10,34,40,27,True,Navidad,23.2,False,False,False,False
197,2028-10-04,7,17,7,43,58,37,36,41,30,0,0,0,True,Normal,27.5,False,False,False,False
198,2028-10-11,10,8,8,36,41,30,26,33,22,0,0,0,False,Escolar,18.3,False,False,False,False
199,2028-10-18,12,21,7,26,33,22,14,12,15,25,34,0,True,Escolar,24.9,False,False,False,False
200,2028-10-25,14,15,10,39,46,15,25,31,5,0,0,29,True,Escolar,16.4,False,False,False,True
201,2028-11-01,8,24,7,25,31,34,17,7,27,0,45,0,True,Vacaciones,18.0,False,False,False,False
202,2028-11-08,7,18,8,17,52,27,10,34,19,22,0,0,True,Vacaciones,28.4,True,False,False,False
203,2028-11-15,12,23,16,32,34,19,20,11,3,0,36,24,True,Navidad,17.8,True,False,False,True
204,2028-11-22,10,32,17,20,47,27,10,15,10,30,45,26,True,Navidad,24.5,False,False,False,False
205,2028-11-29,3,23,6,40,60,36,37,37,30,0,0,0,True,Normal,18.3,True,False,False,False
206,2028-12-06,7,11,5,37,37,30,30,26,25,0,0,0,False,Normal,21.1,True,False,False,False
207,2028-12-13,9,23,11,30,26,25,21,3,14,0,39,21,False,Navidad,27.8,False,False,True,False
208,2028-12-20,4,18,6,21,42,35,17,24,29,0,0,0,False,Vacaciones,25.9,True,False,False,False
209,2028-12-27,7,14,2,17,24,29,10,10,27,27,34,0,False,Normal,23.7,False,False,False,False
210,2029-01-03,11,17,5,37,44,27,26,27,22,0,0,0,False,Navidad,16.4,False,False,False,False
211,2029-01-10,10,27,16,26,27,22,16,0,6,0,48,22,True,Navidad,21.2,True,False,True,False
212,2029-01-17,8,22,13,16,48,28,8,26,15,39,0,0,True,Vacaciones,22.9,True,False,False,False
213,2029-01-24,7,24,8,47,26,15,40,2,7,0,48,35,True,Vacaciones,26.5,True,False,True,False
214,2029-01-31,9,27,11,40,50,42,31,23,31,0,0,0,False,Navidad,26.8,False,False,False,False
215,2029-02-07,14,24,15,31,23,31,17,0,16,0,38,0,True,Navidad,26.8,False,False,True,False
216,2029-02-14,10,31,7,17,38,16,7,7,9,40,43,34,True,Vacaciones,15.7,False,False,False,False
217,2029-02-21,11,21,7,47,50,43,36,29,36,0,0,0,False,Navidad,29.5,False,False,False,False
218,2029-02-28,14,18,13,36,29,36,22,11,23,0,32,0,True,Escolar,15.5,False,False,False,False
219,2029-03-07,10,25,4,22,43,23,12,18,19,23,35,0,True,Vacaciones,27.2,True,False,False,False
220,2029-03-14,6,25,9,35,53,19,29,28,10,0,0,32,True,Vacaciones,22.0,True,False,False,False
221,2029-03-21,9,16,11,29,28,42,20,12,31,0,43,0,True,Vacaciones,21.3,False,False,False,False
222,2029-03-28,10,15,8,20,55,31,10,40,23,36,0,0,True,Normal,25.7,False,False,False,False
223,2029-04-04,3,19,5,46,40,23,43,21,18,0,0,0,False,Vacaciones,16.4,True,False,False,False
224,2029-04-11,10,24,14,43,21,18,33,0,4,0,42,24,True,Navidad,23.8,True,False,True,True
225,2029-04-18,8,21,10,33,42,28,25,21,18,0,0,0,True,Vacaciones,18.8,True,False,False,False
226,2029-04-25,4,20,5,25,21,18,21,1,13,0,50,28,True,Vacaciones,27.9,False,False,True,False
227,2029-05-02,11,24,5,21,51,41,10,27,36,36,0,0,True,Escolar,22.3,True,False,False,False
228,2029-05-09,6,11,5,46,27,36,40,16,31,0,32,0,False,Vacaciones,16.6,True,False,False,False
229,2029-05-16,9,21,4,40,48,31,31,27,27,0,0,0,True,Normal,28.7,False,False,False,False
230,2029-05-23,8,16,13,31,27,27,23,11,14,0,42,32,True,Vacaciones,15.9,False,False,False,False
231,2029-05-30,10,25,10,23,53,46,13,28,36,36,0,0,True,Escolar,28.0,True,False,False,False
232,2029-06-06,10,21,4,49,28,36,39,7,32,0,34,0,True,Vacaciones,29.2,False,False,False,False
233,2029-06-13,3,12,7,39,41,32,36,29,25,0,0,0,False,Normal,27.4,True,False,False,False
234,2029-06-20,9,16,13,36,29,25,27,13,12,0,39,26,False,Navidad,23.2,True,False,False,False
235,2029-06-27,12,16,3,27,52,38,15,36,35,0,0,0,False,Escolar,15.9,False,False,False,False
236,2029-07-04,14,12,7,15,36,35,1,24,28,34,0,0,True,Escolar,25.3,True,True,False,False
237,2029-07-11,8,31,12,35,24,28,27,0,16,0,48,0,True,Vacaciones,26.9,False,False,True,False
238,2029-07-18,11,26,11,27,48,16,16,22,5,0,0,20,True,Navidad,20.2,True,False,False,True
239,2029-07-25,15,14,8,16,22,25,1,8,17,34,39,0,True,Escolar,21.4,True,True,False,False
240,2029-08-01,6,10,2,35,47,17,29,37,15,0,0,0,False,Normal,23.0,True,False,False,False
241,2029-08-08,10,16,7,29,37,15,19,21,8,0,0,26,True,Normal,16.4,True,False,False,False
242,2029-08-15,8,16,9,19,21,34,11,5,25,21,31,0,True,Vacaciones,26.2,False,False,True,False
243,2029-08-22,9,19,4,32,36,25,23,17,21,0,35,0,False,Normal,27.5,False,False,False,False
244,2029-08-29,9,8,4,23,52,21,14,44,17,38,0,0,False,Normal,29.7,False,False,False,False
245,2029-09-05,10,14,3,52,44,17,42,30,14,0,0,35,False,Vacaciones,20.4,True,False,False,False
246,2029-09-12,8,17,8,42,30,49,34,13,41,0,36,0,False,Escolar,29.1,True,False,False,False
247,2029-09-19,14,22,9,34,49,41,20,27,32,0,0,0,False,Navidad,19.4,True,False,False,False
248,2029-09-26,9,24,10,20,27,32,11,3,22,39,47,0,True,Escolar,22.1,False,False,True,False
249,2029-10-03,4,15,10,50,50,22,46,35,12,0,0,23,True,Normal,24.5,False,False,False,False
250,2029-10-10,8,21,2,46,35,35,38,14,33,0,41,0,False,Vacaciones,27.1,True,False,False,False
251,2029-10-17,4,13,3,38,55,33,34,42,30,0,0,0,False,Normal,24.6,True,False,False,False
252,2029-10-24,5,24,9,34,42,30,29,18,21,0,34,0,True,Normal,28.0,True,False,False,False
253,2029-10-31,8,21,11,29,52,21,21,31,10,0,0,31,True,Escolar,29.5,False,False,False,False
254,2029-11-07,13,27,9,21,31,41,8,4,32,38,36,0,True,Navidad,29.9,True,False,True,False
255,2029-11-14,8,12,6,46,40,32,38,28,26,0,0,0,True,Normal,27.8,True,False,False,False
256,2029-11-21,12,23,8,38,28,26,26,5,18,0,38,0,True,Escolar,27.3,False,False,True,False
257,2029-11-28,9,25,10,26,43,18,17,18,8,0,47,28,True,Vacaciones,16.5,True,False,False,False
258,2029-12-05,9,28,9,17,65,36,8,37,27,26,0,0,True,Escolar,15.5,False,False,False,False
259,2029-12-12,7,17,4,34,37,27,27,20,23,0,0,0,False,Normal,22.8,True,False,False,False
260,2029-12-19,5,30,9,27,20,23,22,0,14,0,44,35,True,Vacaciones,24.9,True,False,True,False
261,2029-12-26,4,17,5,22,44,49,18,27,44,0,0,0,False,Vacaciones,23.1,False,False,False,False
262,2030-01-02,11,22,10,18,27,44,7,5,34,38,32,0,True,Escolar,19.6,True,False,True,False
263,2030-01-09,12,27,5,45,37,34,33,10,29,0,41,0,True,Escolar,22.2,True,False,False,False
264,2030-01-16,9,12,4,33,51,29,24,39,25,0,0,0,False,Escolar,25.2,False,False,False,False
265,2030-01-23,12,13,8,24,39,25,12,26,17,21,0,0,False,Escolar,17.6,True,False,False,False
266,2030-01-30,10,19,8,33,26,17,23,7,9,0,39,24,False,Vacaciones,23.0,True,False,False,False
267,2030-02-06,7,19,6,23,46,33,16,27,27,0,0,0,True,Escolar,22.2,False,False,False,False
268,2030-02-13,8,21,4,16,27,27,8,6,23,30,41,0,False,Vacaciones,22.2,True,False,False,False
269,2030-02-20,6,16,6,38,47,23,32,31,17,0,0,0,False,Escolar,18.7,False,False,False,False
270,2030-02-27,7,10,6,32,31,17,25,21,11,0,0,27,False,Escolar,28.3,False,False,False,False
271,2030-03-06,11,19,13,25,21,38,14,2,25,37,40,0,False,Navidad,16.5,True,False,True,False
272,2030-03-13,10,16,3,51,42,25,41,26,22,0,0,0,False,Normal,23.8,False,False,False,False
273,2030-03-20,13,9,2,41,26,22,28,17,20,0,49,0,False,Escolar,25.5,False,False,False,False
274,2030-03-27,5,15,8,28,66,20,23,51,12,0,0,24,False,Vacaciones,27.1,True,False,False,False
275,2030-04-03,9,29,6,23,51,36,14,22,30,34,0,0,True,Vacaciones,18.3,False,False,False,False
276,2030-04-10,9,26,14,48,22,30,39,0,16,0,32,0,True,Navidad,20.8,True,False,True,False
277,2030-04-17,11,22,14,39,32,16,28,10,2,0,43,26,True,Navidad,28.6,True,False,False,True
278,2030-04-24,13,10,6,28,53,28,15,43,22,0,0,0,False,Escolar,28.5,True,False,False,False
279,2030-05-01,13,14,3,15,43,22,2,29,19,22,0,0,False,Escolar,29.6,True,True,False,False
280,2030-05-08,10,14,7,24,29,19,14,15,12,32,47,33,True,Escolar,28.4,False,False,False,False
281,2030-05-15,10,12,2,46,62,45,36,50,43,0,0,0,False,Escolar,29.2,False,False,False,False
282,2030-05-22,10,20,3,36,50,43,26,30,40,0,0,0,False,Vacaciones,28.5,True,False,False,False
283,2030-05-29,11,16,6,26,30,40,15,14,34,0,33,0,True,Escolar,30.0,True,False,False,False
284,2030-06-05,4,14,6,15,47,34,11,33,28,25,0,0,False,Vacaciones,17.3,True,False,False,False
285,2030-06-12,10,8,3,36,33,28,26,25,25,0,0,0,False,Normal,19.2,True,False,False,False
286,2030-06-19,5,18,11,26,25,25,21,7,14,0,35,33,True,Normal,24.6,False,False,False,False
287,2030-06-26,9,13,7,21,42,47,12,29,40,37,0,0,True,Escolar,20.3,False,False,False,False
288,2030-07-03,7,17,12,49,29,40,42,12,28,0,37,0,True,Normal,16.1,False,False,False,False
289,2030-07-10,10,20,8,42,49,28,32,29,20,0,0,0,True,Escolar,29.9,False,False,False,False
290,2030-07-17,8,18,12,32,29,20,24,11,8,0,38,30,True,Vacaciones,25.2,False,False,False,False
291,2030-07-24,7,11,3,24,49,38,17,38,35,0,0,0,False,Vacaciones,19.0,True,False,False,False
292,2030-07-31,6,15,8,17,38,35,11,23,27,28,0,0,False,Normal,18.6,False,False,False,False
293,2030-08-07,4,26,6,39,23,27,35,0,21,0,46,0,True,Vacaciones,17.4,True,False,True,False
294,2030-08-14,7,17,10,35,46,21,28,29,11,0,0,21,False,Navidad,27.8,False,False,False,False
295,2030-08-21,14,8,7,28,29,32,14,21,25,21,0,0,False,Escolar,23.9,True,False,False,False
296,2030-08-28,12,29,10,35,21,25,23,0,15,0,42,0,False,Navidad,18.1,False,False,True,False
297,2030-09-04,8,18,8,23,42,15,15,24,7,0,0,34,True,Escolar,26.0,True,False,False,False
298,2030-09-11,5,23,6,15,24,41,10,1,35,26,33,0,True,Vacaciones,22.8,False,False,True,False
299,2030-09-18,10,19,6,36,34,35,26,15,29,0,41,0,True,Vacaciones,23.6,True,False,False,False
300,2030-09-25,10,21,8,26,56,29,16,35,21,0,0,0,True,Normal,18.2,True,False,False,False
301,2030-10-02,4,19,5,16,35,21,12,16,16,31,31,0,False,Normal,25.4,True,False,False,False
302,2030-10-09,6,25,7,43,47,16,37,22,9,0,0,33,True,Normal,26.1,False,False,False,False
303,2030-10-16,9,32,9,37,22,42,28,0,33,0,50,0,True,Navidad,26.6,False,False,True,False
304,2030-10-23,12,27,13,28,50,33,16,23,20,0,0,0,True,Navidad,21.9,True,False,False,False
305,2030-10-30,14,28,11,16,23,20,2,0,9,25,42,25,True,Navidad,20.5,True,True,True,False
306,2030-11-06,7,13,6,27,42,34,20,29,28,0,0,0,False,Vacaciones,21.6,False,False,False,False
307,2030-11-13,8,21,2,20,29,28,12,8,26,25,44,0,False,Vacaciones,17.1,False,False,False,False
308,2030-11-20,7,23,12,37,52,26,30,29,14,0,0,21,True,Navidad,21.7,False,False,False,False
309,2030-11-27,4,19,7,30,29,35,26,10,28,0,40,0,False,Vacaciones,28.5,True,False,False,False
310,2030-12-04,8,20,10,26,50,28,18,30,18,0,0,0,True,Escolar,22.2,True,False,False,False
311,2030-12-11,7,27,9,18,30,18,11,3,9,35,34,33,True,Vacaciones,23.2,True,False,True,False
312,2030-12-18,3,23,9,46,37,42,43,14,33,0,36,0,True,Vacaciones,19.8,False,False,False,False
313,2030-12-25,11,18,7,43,50,33,32,32,26,0,0,0,True,Escolar,17.8,True,False,False,False
314,2031-01-01,10,19,6,32,32,26,22,13,20,0,31,0,False,Vacaciones,18.0,True,False,False,False
315,2031-01-08,12,25,13,22,44,20,10,19,7,23,40,31,True,Navidad,17.7,False,False,False,False
316,2031-01-15,5,14,4,33,59,38,28,45,34,0,0,0,False,Normal,17.6,False,False,False,False
317,2031-01-22,8,11,4,28,45,34,20,34,30,0,0,0,False,Normal,16.5,True,False,False,False
318,2031-01-29,9,19,14,20,34,30,11,15,16,25,40,0,False,Navidad,27.7,False,False,False,False
319,2031-02-05,8,25,5,36,55,16,28,30,11,0,0,35,True,Escolar,21.0,False,False,False,False
320,2031-02-12,11,19,8,28,30,46,17,11,38,0,37,0,True,Escolar,27.8,True,False,False,False
321,2031-02-19,10,14,7,17,48,38,7,34,31,23,0,0,False,Escolar,26.4,False,False,False,False
322,2031-02-26,8,23,11,30,34,31,22,11,20,0,32,0,True,Normal,19.0,False,False,False,False
323,2031-03-05,16,20,7,22,43,20,6,23,13,37,0,32,False,Navidad,24.4,True,False,False,False
324,2031-03-12,3,11,8,43,23,45,40,12,37,0,37,0,False,Normal,25.4,True,False,False,False
325,2031-03-19,9,12,10,40,49,37,31,37,27,0,0,0,True,Normal,15.5,True,False,False,False
326,2031-03-26,8,15,9,31,37,27,23,22,18,0,0,0,True,Escolar,27.8,False,False,False,False
327,2031-04-02,9,20,15,23,22,18,14,2,3,26,32,25,True,Navidad,29.4,True,False,True,True
328,2031-04-09,10,9,4,40,34,28,30,25,24,0,0,0,False,Normal,20.7,True,False,False,False
329,2031-04-16,8,26,11,30,25,24,22,0,13,0,44,25,True,Vacaciones,29.8,False,False,True,False
330,2031-04-23,6,25,4,22,44,38,16,19,34,0,48,0,True,Vacaciones,17.7,True,False,False,False
331,2031-04-30,9,24,15,16,67,34,7,43,19,33,0,0,True,Navidad,18.2,False,False,False,False
332,2031-05-07,7,18,12,40,43,19,33,25,7,0,0,27,True,Normal,20.0,True,False,False,False
333,2031-05-14,6,12,4,33,25,34,27,13,30,0,33,0,False,Normal,29.9,True,False,False,False
334,2031-05-21,6,14,4,27,46,30,21,32,26,0,0,0,False,Vacaciones,22.4,False,False,False,False
335,2031-05-28,9,20,16,21,32,26,12,12,10,39,49,28,True,Navidad,27.5,False,False,False,False
336,2031-06-04,13,17,10,51,61,38,38,44,28,0,0,0,False,Navidad,15.0,True,False,False,False
337,2031-06-11,6,16,3,38,44,28,32,28,25,0,0,0,False,Vacaciones,22.2,False,False,False,False
338,2031-06-18,13,27,15,32,28,25,19,1,10,0,35,27,True,Navidad,16.6,True,False,True,False
339,2031-06-25,10,20,6,19,36,37,9,16,31,29,30,0,False,Escolar,27.2,True,False,False,False
340,2031-07-02,8,14,8,38,46,31,30,32,23,0,0,0,False,Vacaciones,17.9,True,False,False,False
341,2031-07-09,4,24,10,30,32,23,26,8,13,0,34,31,True,Vacaciones,21.4,True,False,False,False
342,2031-07-16,4,18,13,26,42,44,22,24,31,0,0,0,True,Normal,29.8,False,False,False,False
343,2031-07-23,4,21,6,22,24,31,18,3,25,0,36,0,False,Vacaciones,20.9,False,False,True,False
344,2031-07-30,3,22,11,18,39,25,15,17,14,0,40,34,True,Vacaciones,23.8,False,False,False,False
345,2031-08-06,12,23,7,15,57,48,3,34,41,39,0,0,True,Escolar,25.8,True,True,False,False
346,2031-08-13,9,17,7,42,34,41,33,17,34,0,49,0,True,Escolar,17.0,False,False,False,False
347,2031-08-20,15,13,3,33,66,34,18,53,31,0,0,0,False,Escolar,17.9,True,False,False,False
348,2031-08-27,7,20,11,18,53,31,11,33,20,22,0,0,True,Escolar,26.4,False,False,False,False
349,2031-09-03,5,13,7,33,33,20,28,20,13,0,0,25,False,Normal,19.3,True,False,False,False
350,2031-09-10,13,18,6,28,20,38,15,2,32,0,42,0,True,Escolar,24.1,False,False,True,False
351,2031-09-17,5,23,7,15,44,32,10,21,25,26,0,0,True,Vacaciones,29.8,False,False,False,False
352,2031-09-24,8,10,6,36,21,25,28,11,19,0,37,0,False,Escolar,15.8,True,False,False,False
353,2031-10-01,11,20,6,28,48,19,17,28,13,0,0,22,False,Navidad,23.9,False,False,False,False
354,2031-10-08,3,10,6,17,28,35,14,18,29,40,46,0,False,Normal,26.5,True,False,False,False
355,2031-10-15,10,26,9,54,64,29,44,38,20,0,0,0,True,Navidad,29.4,True,False,False,False
356,2031-10-22,4,20,7,44,38,20,40,18,13,0,42,24,True,Normal,24.8,False,False,False,False
357,2031-10-29,8,24,3,40,60,37,32,36,34,0,0,0,False,Vacaciones,25.8,False,False,False,False
358,2031-11-05,14,21,15,32,36,34,18,15,19,0,48,0,True,Navidad,27.8,False,False,False,False
359,2031-11-12,10,14,2,18,63,19,8,49,17,35,0,0,False,Normal,20.2,False,False,False,False
360,2031-11-19,14,28,13,43,49,17,29,21,4,0,0,30,True,Navidad,18.5,True,False,False,True
361,2031-11-26,7,8,5,29,21,34,22,13,29,0,48,0,False,Escolar,18.9,False,False,False,False
362,2031-12-03,8,14,2,22,61,29,14,47,27,21,0,0,False,Normal,19.6,False,False,False,False
363,2031-12-10,9,16,6,35,47,27,26,31,21,0,0,0,False,Vacaciones,23.8,True,False,False,False
364,2031-12-17,15,21,11,26,31,21,11,10,10,30,34,24,True,Escolar,25.3,False,False,False,False
365,2031-12-24,7,15,3,41,44,34,34,29,31,0,0,0,False,Normal,21.3,False,False,False,False
366,2031-12-31,5,13,6,34,29,31,29,16,25,0,43,0,False,Vacaciones,22.0,False,False,False,False
367,2032-01-07,10,14,4,29,59,25,19,45,21,0,0,0,False,Normal,22.6,False,False,False,False
368,2032-01-14,10,22,10,19,45,21,9,23,11,33,0,32,False,Navidad,20.1,True,False,False,False
369,2032-01-21,4,20,5,42,23,43,38,3,38,0,50,0,False,Normal,19.7,False,False,True,False
370,2032-01-28,7,25,8,38,53,38,31,28,30,0,0,0,True,Vacaciones,28.7,True,False,False,False
371,2032-02-04,5,22,2,31,28,30,26,6,28,0,39,0,False,Vacaciones,25.8,True,False,False,False
372,2032-02-11,9,16,6,26,45,28,17,29,22,0,0,0,False,Navidad,27.9,True,False,False,False
373,2032-02-18,4,19,8,17,29,22,13,10,14,36,30,33,True,Vacaciones,28.7,False,False,False,False
374,2032-02-25,6,17,11,49,40,47,43,23,36,0,0,0,True,Normal,27.9,True,False,False,False
375,2032-03-03,10,21,12,43,23,36,33,2,24,0,42,0,False,Navidad,20.2,True,False,True,False
376,2032-03-10,9,22,11,33,44,24,24,22,13,0,0,20,True,Vacaciones,26.1,False,False,False,False
377,2032-03-17,6,24,11,24,22,33,18,0,22,0,42,0,True,Vacaciones,16.9,True,False,True,False
378,2032-03-24,8,22,13,18,42,22,10,20,9,40,0,28,True,Navidad,19.8,True,False,False,False
379,2032-03-31,16,14,11,50,20,37,34,6,26,0,31,0,False,Navidad,15.1,True,False,False,False
380,2032-04-07,3,24,9,34,37,26,31,13,17,0,49,0,True,Normal,28.4,True,False,False,False
381,2032-04-14,14,9,3,31,62,17,17,53,14,0,0,20,False,Escolar,25.1,False,False,False,False
382,2032-04-21,7,22,10,17,53,34,10,31,24,32,0,0,True,Vacaciones,19.0,True,False,False,False
383,2032-04-28,14,18,14,42,31,24,28,13,10,0,30,33,True,Navidad,25.9,True,False,False,False
384,2032-05-05,10,21,11,28,43,43,18,22,32,0,0,0,True,Normal,29.3,True,False,False,False
385,2032-05-12,10,18,6,18,22,32,8,4,26,27,40,0,False,Normal,22.1,True,False,True,False
386,2032-05-19,7,20,10,35,44,26,28,24,16,0,0,0,False,Navidad,17.0,True,False,False,False
387,2032-05-26,12,28,12,28,24,16,16,0,4,0,37,27,True,Navidad,15.0,False,False,True,True
388,2032-06-02,11,16,9,16,37,31,5,21,22,27,0,0,True,Escolar,25.3,False,True,False,False
389,2032-06-09,11,14,2,32,21,22,21,7,20,0,44,0,False,Escolar,23.8,True,False,False,False
390,2032-06-16,5,22,6,21,51,20,16,29,14,0,0,33,False,Vacaciones,19.7,True,False,False,False
391,2032-06-23,10,20,12,16,29,47,6,9,35,30,39,0,True,Escolar,25.1,False,False,False,False
392,2032-06-30,9,20,7,36,48,35,27,28,28,0,0,0,False,Vacaciones,23.6,False,False,False,False
393,2032-07-07,12,20,4,27,28,28,15,8,24,0,39,0,False,Escolar,18.1,False,False,False,False
394,2032-07-14,7,11,2,15,47,24,8,36,22,21,0,0,False,Escolar,29.6,False,False,False,False
395,2032-07-21,6,20,4,29,36,22,23,16,18,0,44,0,False,Normal,16.0,True,False,False,False
396,2032-07-28,5,14,2,23,60,18,18,46,16,0,0,0,False,Normal,24.6,False,False,False,False
397,2032-08-04,3,24,3,18,46,16,15,22,13,0,0,32,False,Vacaciones,29.4,True,False,False,False
398,2032-08-11,7,16,5,15,22,45,8,6,40,21,47,0,False,Vacaciones,26.5,True,False,False,False
399,2032-08-18,9,14,7,29,53,40,20,39,33,0,0,0,False,Vacaciones,18.4,True,False,False,False
400,2032-08-25,9,24,7,20,39,33,11,15,26,38,40,0,True,Vacaciones,19.7,False,False,False,False
401,2032-09-01,14,27,14,49,55,26,35,28,12,0,0,26,True,Navidad,27.3,False,False,False,False
402,2032-09-08,11,23,7,35,28,38,24,5,31,0,47,0,True,Escolar,16.1,True,False,True,False
403,2032-09-15,8,16,11,24,52,31,16,36,20,0,0,0,True,Escolar,27.2,False,False,False,False
404,2032-09-22,6,17,6,16,36,20,10,19,14,34,43,26,False,Vacaciones,22.9,False,False,False,False
405,2032-09-29,10,16,9,44,62,40,34,46,31,0,0,0,False,Navidad,19.4,True,False,False,False
406,2032-10-06,11,16,6,34,46,31,23,30,25,0,0,0,False,Escolar,29.8,False,False,False,False
407,2032-10-13,4,16,8,23,30,25,19,14,17,0,42,0,False,Vacaciones,17.3,True,False,False,False
408,2032-10-20,10,19,11,19,56,17,9,37,6,40,0,28,False,Navidad,15.7,False,False,False,False
409,2032-10-27,9,22,8,49,37,34,40,15,26,0,38,0,True,Escolar,23.7,True,False,False,False
410,2032-11-03,9,24,12,40,53,26,31,29,14,0,0,26,True,Vacaciones,21.9,False,False,False,False
411,2032-11-10,14,29,11,31,29,40,17,0,29,0,44,0,True,Navidad,22.7,True,False,True,False
412,2032-11-17,16,30,10,17,44,29,1,14,19,22,33,0,True,Navidad,28.0,True,True,False,False
413,2032-11-24,10,27,12,23,47,19,13,20,7,25,0,26,True,Navidad,18.0,True,False,False,False
414,2032-12-01,14,27,8,38,20,33,24,0,25,0,36,0,False,Navidad,21.0,True,False,True,False
415,2032-12-08,5,24,9,24,36,25,19,12,16,0,49,0,True,Vacaciones,27.0,False,False,False,False
416,2032-12-15,5,21,6,19,61,16,14,40,10,20,0,24,True,Vacaciones,26.3,True,False,False,False
417,2032-12-22,9,20,6,34,40,34,25,20,28,0,0,0,False,Vacaciones,20.1,True,False,False,False
418,2032-12-29,15,16,9,25,20,28,10,4,19,38,48,0,True,Escolar,23.1,True,False,True,False
419,2033-01-05,10,20,6,48,52,19,38,32,13,0,0,23,True,Vacaciones,29.1,True,False,False,False
420,2033-01-12,10,14,7,38,32,36,28,18,29,0,31,0,False,Escolar,22.3,True,False,False,False
421,2033-01-19,4,9,2,28,49,29,24,40,27,0,0,0,False,Normal,17.9,True,False,False,False
422,2033-01-26,11,25,12,24,40,27,13,15,15,35,30,0,True,Navidad,21.0,True,False,False,False
423,2033-02-02,6,15,2,48,45,15,42,30,13,0,0,27,False,Vacaciones,20.1,True,False,False,False
424,2033-02-09,10,16,13,42,30,40,32,14,27,0,36,0,True,Escolar,15.9,True,False,False,False
425,2033-02-16,10,16,2,32,50,27,22,34,25,0,0,0,False,Normal,22.7,False,False,False,False
426,2033-02-23,7,8,4,22,34,25,15,26,21,0,0,0,False,Normal,21.0,True,False,False,False
427,2033-03-02,3,17,8,15,26,21,12,9,13,23,39,29,True,Vacaciones,27.6,True,False,False,False
428,2033-03-09,7,11,5,35,48,42,28,37,37,0,0,0,True,Normal,19.0,False,False,False,False
429,2033-03-16,13,23,5,28,37,37,15,14,32,0,49,0,False,Navidad,26.1,False,False,False,False
430,2033-03-23,7,12,7,15,63,32,8,51,25,27,0,0,False,Vacaciones,26.0,False,False,False,False
431,2033-03-30,12,28,9,35,51,25,23,23,16,0,0,0,False,Navidad,25.5,False,False,False,False
432,2033-04-06,6,16,3,23,23,16,17,7,13,0,37,25,False,Vacaciones,19.8,False,False,False,False
433,2033-04-13,8,15,4,17,44,38,9,29,34,21,0,0,False,Normal,16.1,True,False,False,False
434,2033-04-20,5,15,11,30,29,34,25,14,23,0,44,0,True,Normal,21.1,True,False,False,False
435,2033-04-27,6,21,10,25,58,23,19,37,13,0,0,28,True,Vacaciones,26.7,True,False,False,False
436,2033-05-04,6,15,7,19,37,41,13,22,34,21,0,0,False,Vacaciones,23.7,True,False,False,False
437,2033-05-11,4,18,6,34,22,34,30,4,28,0,44,0,True,Vacaciones,22.2,False,False,True,False
438,2033-05-18,8,23,8,30,48,28,22,25,20,0,0,0,False,Vacaciones,22.4,False,False,False,False
439,2033-05-25,4,24,5,22,25,20,18,1,15,0,44,0,True,Normal,17.3,True,False,True,False
440,2033-06-01,6,8,2,18,45,15,12,37,13,22,0,27,False,Escolar,18.6,True,False,False,False
441,2033-06-08,5,23,7,34,37,40,29,14,33,0,40,0,True,Vacaciones,24.4,True,False,False,False
442,2033-06-15,10,18,3,29,54,33,19,36,30,0,0,0,False,Normal,28.5,False,False,False,False
443,2033-06-22,4,11,2,19,36,30,15,25,28,0,0,0,False,Vacaciones,20.5,True,False,False,False
444,2033-06-29,11,23,8,15,25,28,4,2,20,33,37,0,False,Navidad,28.2,True,True,True,False
445,2033-07-06,9,22,9,37,39,20,28,17,11,0,45,31,True,Escolar,18.5,False,False,False,False
446,2033-07-13,12,34,16,28,62,42,16,28,26,0,0,0,True,Navidad,23.9,False,False,False,False
447,2033-07-20,11,18,2,16,28,26,5,10,24,27,37,0,False,Escolar,17.1,False,True,False,False
448,2033-07-27,4,18,6,32,47,24,28,29,18,0,0,0,True,Normal,22.5,False,False,False,False
449,2033-08-03,12,22,18,28,29,18,16,7,0,0,35,20,True,Navidad,24.8,True,False,False,True
450,2033-08-10,7,21,7,16,42,20,9,21,13,23,0,20,True,Vacaciones,26.9,False,False,False,False
451,2033-08-17,9,18,10,32,21,33,23,3,23,0,30,0,True,Normal,21.2,True,False,True,False
452,2033-08-24,8,10,4,23,33,23,15,23,19,0,0,0,False,Escolar,22.6,False,False,False,False
453,2033-08-31,9,20,8,15,23,19,6,3,11,26,38,35,True,Vacaciones,15.0,True,False,True,False
454,2033-09-07,7,22,13,32,41,46,25,19,33,0,42,0,False,Navidad,25.0,False,False,False,False
455,2033-09-14,3,25,4,25,61,33,22,36,29,0,0,0,True,Normal,21.5,False,False,False,False
456,2033-09-21,5,20,12,22,36,29,17,16,17,0,31,0,True,Escolar,23.7,False,False,False,False
457,2033-09-28,9,21,7,17,47,17,8,26,10,35,0,27,True,Vacaciones,20.1,False,False,False,False
458,2033-10-05,11,16,4,43,26,37,32,10,33,0,36,0,False,Escolar,23.4,False,False,False,False
459,2033-10-12,10,20,10,32,46,33,22,26,23,0,0,0,False,Navidad,27.3,True,False,False,False
460,2033-10-19,6,26,7,22,26,23,16,0,16,0,40,0,True,Vacaciones,29.1,True,False,True,False
461,2033-10-26,6,10,6,16,40,16,10,30,10,35,0,28,False,Normal,29.1,True,False,False,False
462,2033-11-02,7,20,2,45,30,38,38,10,36,0,41,0,False,Escolar,16.9,False,False,False,False
463,2033-11-09,16,22,10,38,51,36,22,29,26,0,0,0,False,Navidad,19.7,False,False,False,False
464,2033-11-16,8,33,12,22,29,26,14,0,14,36,49,34,True,Navidad,25.5,True,False,True,False
465,2033-11-23,11,22,13,50,49,48,39,27,35,0,0,0,True,Escolar,26.6,False,False,False,False
466,2033-11-30,10,17,9,39,27,35,29,10,26,0,31,0,True,Vacaciones,23.6,True,False,False,False
467,2033-12-07,3,11,4,29,41,26,26,30,22,0,0,0,False,Normal,19.9,True,False,False,False
468,2033-12-14,4,26,8,26,30,22,22,4,14,0,47,34,True,Vacaciones,28.7,False,False,True,False
469,2033-12-21,8,24,6,22,51,48,14,27,42,21,0,0,True,Vacaciones,22.5,False,False,False,False
470,2033-12-28,9,12,11,35,27,42,26,15,31,0,35,0,True,Escolar,19.0,True,False,False,False
471,2034-01-04,14,19,12,26,50,31,12,31,19,37,0,0,True,Escolar,15.4,True,False,False,False
472,2034-01-11,16,17,10,49,31,19,33,14,9,0,34,28,False,Navidad,26.3,True,False,False,False
473,2034-01-18,10,27,6,33,48,37,23,21,31,0,0,0,False,Navidad,17.8,False,False,False,False
474,2034-01-25,15,19,10,23,21,31,8,2,21,36,42,0,False,Navidad,22.4,True,False,True,False
475,2034-02-01,8,28,10,44,44,21,36,16,11,0,44,22,True,Navidad,18.2,False,False,False,False
476,2034-02-08,3,13,6,36,60,33,33,47,27,0,0,0,False,Vacaciones,15.8,False,False,False,False
477,2034-02-15,10,24,12,33,47,27,23,23,15,0,0,0,True,Navidad,27.1,False,False,False,False
478,2034-02-22,11,22,13,23,23,15,12,1,2,25,32,21,True,Navidad,22.4,False,False,True,True
479,2034-03-01,6,9,5,37,33,23,31,24,18,0,0,0,False,Escolar,15.5,True,False,False,False
480,2034-03-08,7,9,7,31,24,18,24,15,11,0,50,26,False,Escolar,26.5,False,False,False,False
481,2034-03-15,7,17,12,24,65,37,17,48,25,0,0,0,True,Vacaciones,23.8,False,False,False,False
482,2034-03-22,11,21,10,17,48,25,6,27,15,36,0,0,True,Navidad,29.1,False,False,False,False
483,2034-03-29,8,15,7,42,27,15,34,12,8,0,41,29,True,Escolar,18.0,False,False,False,False
484,2034-04-05,10,16,9,34,53,37,24,37,28,0,0,0,True,Escolar,21.1,True,False,False,False
485,2034-04-12,10,18,16,24,37,28,14,19,12,38,35,32,True,Navidad,25.8,False,False,False,False
486,2034-04-19,13,29,16,52,54,44,39,25,28,0,0,0,True,Navidad,21.1,False,False,False,False
487,2034-04-26,7,16,13,39,25,28,32,9,15,0,46,0,True,Normal,17.4,False,False,False,False
488,2034-05-03,11,26,6,32,55,15,21,29,9,0,0,33,False,Navidad,29.1,False,False,False,False
489,2034-05-10,6,29,6,21,29,42,15,0,36,0,43,0,True,Vacaciones,29.7,False,False,True,False
490,2034-05-17,4,9,6,15,43,36,11,34,30,26,0,0,False,Normal,26.2,False,False,False,False
491,2034-05-24,12,15,2,37,34,30,25,19,28,0,50,0,False,Escolar,18.0,False,False,False,False
492,2034-05-31,15,33,13,25,69,28,10,36,15,28,0,0,True,Navidad,29.5,False,False,False,False
493,2034-06-07,7,16,7,38,36,15,31,20,8,0,0,21,True,Normal,20.9,False,False,False,False
494,2034-06-14,4,19,7,31,20,29,27,1,22,0,49,0,True,Vacaciones,21.5,True,False,True,False
495,2034-06-21,3,14,8,27,50,22,24,36,14,0,0,30,False,Vacaciones,19.3,False,False,False,False
496,2034-06-28,8,18,7,24,36,44,16,18,37,0,49,0,False,Navidad,22.0,True,False,False,False
497,2034-07-05,16,24,12,16,67,37,0,43,25,32,0,0,True,Navidad,29.8,False,True,False,False
498,2034-07-12,6,13,7,32,43,25,26,30,18,0,0,0,False,Normal,18.2,True,False,False,False
499,2034-07-19,6,23,11,26,30,18,20,7,7,0,39,25,True,Vacaciones,21.3,True,False,False,False
500,2034-07-26,13,33,10,20,46,32,7,13,22,32,39,0,True,Navidad,20.7,True,False,False,False
501,2034-08-02,6,18,7,39,52,22,33,34,15,0,0,0,False,Vacaciones,15.4,True,False,False,False
502,2034-08-09,9,18,8,33,34,15,24,16,7,0,47,31,False,Vacaciones,19.2,False,False,False,False
503,2034-08-16,14,21,14,24,63,38,10,42,24,36,0,0,False,Navidad,28.3,True,False,False,False
504,2034-08-23,8,11,7,46,42,24,38,31,17,0,0,0,False,Escolar,15.7,True,False,False,False
505,2034-08-30,9,28,9,38,31,17,29,3,8,0,42,24,True,Normal,20.1,True,False,True,False
506,2034-09-06,9,24,12,29,45,32,20,21,20,0,0,0,True,Navidad,25.9,False,False,False,False
507,2034-09-13,10,14,10,20,21,20,10,7,10,32,45,20,True,Escolar,19.1,True,False,False,False
508,2034-09-20,12,12,2,42,52,30,30,40,28,0,0,0,False,Escolar,19.0,True,False,False,False
509,2034-09-27,8,19,13,30,40,28,22,21,15,0,0,0,False,Navidad,17.2,True,False,False,False
510,2034-10-04,10,25,13,22,21,15,12,0,2,34,31,27,True,Navidad,23.5,True,False,True,True
511,2034-10-11,10,21,9,46,31,29,36,10,20,0,32,0,True,Normal,29.7,False,False,False,False
512,2034-10-18,15,29,13,36,42,20,21,13,7,0,30,31,True,Navidad,16.0,True,False,False,False
513,2034-10-25,12,33,11,21,43,38,9,10,27,20,41,0,True,Navidad,28.4,False,False,False,False
514,2034-11-01,11,25,16,29,51,27,18,26,11,0,0,28,True,Navidad,28.0,False,False,False,False
515,2034-11-08,10,24,11,18,26,39,8,2,28,26,33,0,True,Navidad,25.4,False,False,True,False
516,2034-11-15,9,19,6,34,35,28,25,16,22,0,30,0,False,Vacaciones,25.7,False,False,False,False
517,2034-11-22,11,12,7,25,46,22,14,34,15,27,0,0,False,Escolar,26.3,False,False,False,False
518,2034-11-29,11,15,8,41,34,15,30,19,7,0,41,28,True,Escolar,28.7,False,False,False,False
519,2034-12-06,3,9,8,30,60,35,27,51,27,0,0,0,False,Normal,15.2,False,False,False,False
520,2034-12-13,13,25,11,27,51,27,14,26,16,34,0,0,False,Navidad,18.5,True,False,False,False
